country_name,country_code,year,value
Afghanistan,AFG,2017,18896353156
Afghanistan,AFG,2018,18418860354
Afghanistan,AFG,2019,18904502222
Afghanistan,AFG,2020,20143451706
Afghanistan,AFG,2021,14583135237
Albania,ALB,2017,13019726212
Albania,ALB,2018,15156424062
Albania,ALB,2019,15401826081
Albania,ALB,2020,15162734205
Albania,ALB,2021,17930565119
Albania,ALB,2022,18882095518
Algeria,DZA,2017,1.7E+11
Algeria,DZA,2018,1.75E+11
Algeria,DZA,2019,1.72E+11
Algeria,DZA,2020,1.46E+11
Algeria,DZA,2021,1.63E+11
Algeria,DZA,2022,1.92E+11
American Samoa,ASM,2017,612000000
American Samoa,ASM,2018,639000000
American Samoa,ASM,2019,647000000
American Samoa,ASM,2020,716000000
American Samoa,ASM,2021,709000000
Andorra,AND,2017,3000162081
Andorra,AND,2018,3218419897
Andorra,AND,2019,3155149348
Andorra,AND,2020,2891001149
Andorra,AND,2021,3325145407
Andorra,AND,2022,3352032737
Angola,AGO,2017,68972769396
Angola,AGO,2018,77792944472
Angola,AGO,2019,69309110146
Angola,AGO,2020,50241368244
Angola,AGO,2021,65685435100
Angola,AGO,2022,1.07E+11
Antigua and Barbuda,ATG,2017,1467955556
Antigua and Barbuda,ATG,2018,1604770370
Antigua and Barbuda,ATG,2019,1675403704
Antigua and Barbuda,ATG,2020,1416348148
Antigua and Barbuda,ATG,2021,1560518519
Antigua and Barbuda,ATG,2022,1757603704
Argentina,ARG,2017,6.44E+11
Argentina,ARG,2018,5.25E+11
Argentina,ARG,2019,4.48E+11
Argentina,ARG,2020,3.86E+11
Argentina,ARG,2021,4.87E+11
Argentina,ARG,2022,6.33E+11
Armenia,ARM,2017,11527458713
Armenia,ARM,2018,12457940705
Armenia,ARM,2019,13619290546
Armenia,ARM,2020,12641698594
Armenia,ARM,2021,13861409969
Armenia,ARM,2022,19502783988
Aruba,ABW,2017,3092178771
Aruba,ABW,2018,3276187709
Aruba,ABW,2019,3395793855
Aruba,ABW,2020,2610038939
Aruba,ABW,2021,3126019385
Australia,AUS,2017,1.33E+12
Australia,AUS,2018,1.43E+12
Australia,AUS,2019,1.39E+12
Australia,AUS,2020,1.33E+12
Australia,AUS,2021,1.55E+12
Australia,AUS,2022,1.68E+12
Austria,AUT,2017,4.17E+11
Austria,AUT,2018,4.55E+11
Austria,AUT,2019,4.45E+11
Austria,AUT,2020,4.35E+11
Austria,AUT,2021,4.8E+11
Austria,AUT,2022,4.71E+11
Azerbaijan,AZE,2017,40866632048
Azerbaijan,AZE,2018,47112479289
Azerbaijan,AZE,2019,48174235294
Azerbaijan,AZE,2020,42693000000
Azerbaijan,AZE,2021,54825411765
Azerbaijan,AZE,2022,78721058824
"Bahamas, The",BHS,2017,12253500000
"Bahamas, The",BHS,2018,12653600000
"Bahamas, The",BHS,2019,13058700000
"Bahamas, The",BHS,2020,9754600000
"Bahamas, The",BHS,2021,11527600000
"Bahamas, The",BHS,2022,12897400000
Bahrain,BHR,2017,35473776596
Bahrain,BHR,2018,37802005319
Bahrain,BHR,2019,38653318085
Bahrain,BHR,2020,34621807713
Bahrain,BHR,2021,39303403989
Bahrain,BHR,2022,44390820479
Bangladesh,BGD,2017,2.94E+11
Bangladesh,BGD,2018,3.21E+11
Bangladesh,BGD,2019,3.51E+11
Bangladesh,BGD,2020,3.74E+11
Bangladesh,BGD,2021,4.16E+11
Bangladesh,BGD,2022,4.6E+11
Barbados,BRB,2017,4981588900
Barbados,BRB,2018,5097283200
Barbados,BRB,2019,5324250000
Barbados,BRB,2020,4671800000
Barbados,BRB,2021,4843800000
Barbados,BRB,2022,5637914515
Belarus,BLR,2017,54725311690
Belarus,BLR,2018,60031163987
Belarus,BLR,2019,64410112583
Belarus,BLR,2020,61371755326
Belarus,BLR,2021,69673747132
Belarus,BLR,2022,72793457588
Belgium,BEL,2017,5.03E+11
Belgium,BEL,2018,5.43E+11
Belgium,BEL,2019,5.36E+11
Belgium,BEL,2020,5.25E+11
Belgium,BEL,2021,5.94E+11
Belgium,BEL,2022,5.79E+11
Belize,BLZ,2017,2286000000
Belize,BLZ,2018,2315000000
Belize,BLZ,2019,2416500000
Belize,BLZ,2020,2080000000
Belize,BLZ,2021,2491500000
Belize,BLZ,2022,2824081836
Benin,BEN,2017,12701655846
Benin,BEN,2018,14262408080
Benin,BEN,2019,14391686309
Benin,BEN,2020,15651545209
Benin,BEN,2021,17690083520
Benin,BEN,2022,17401746309
Bermuda,BMU,2017,7142316000
Bermuda,BMU,2018,7225977000
Bermuda,BMU,2019,7423465000
Bermuda,BMU,2020,6887147000
Bermuda,BMU,2021,7127200000
Bermuda,BMU,2022,7550500000
Bhutan,BTN,2017,2450366108
Bhutan,BTN,2018,2446867582
Bhutan,BTN,2019,2535655609
Bhutan,BTN,2020,2325185521
Bhutan,BTN,2021,2539551327
Bolivia,BOL,2017,37508642171
Bolivia,BOL,2018,40287647931
Bolivia,BOL,2019,40895322851
Bolivia,BOL,2020,36629843806
Bolivia,BOL,2021,40408208524
Bolivia,BOL,2022,43068885673
Bosnia and Herzegovina,BIH,2017,18326376394
Bosnia and Herzegovina,BIH,2018,20484048416
Bosnia and Herzegovina,BIH,2019,20482603346
Bosnia and Herzegovina,BIH,2020,20226030731
Bosnia and Herzegovina,BIH,2021,23649566069
Bosnia and Herzegovina,BIH,2022,24527507288
Botswana,BWA,2017,16105156376
Botswana,BWA,2018,17031943186
Botswana,BWA,2019,16725908662
Botswana,BWA,2020,14960291541
Botswana,BWA,2021,18737066307
Botswana,BWA,2022,20352322157
Brazil,BRA,2017,2.06E+12
Brazil,BRA,2018,1.92E+12
Brazil,BRA,2019,1.87E+12
Brazil,BRA,2020,1.48E+12
Brazil,BRA,2021,1.65E+12
Brazil,BRA,2022,1.92E+12
Brunei Darussalam,BRN,2017,12128182464
Brunei Darussalam,BRN,2018,13567164445
Brunei Darussalam,BRN,2019,13469240163
Brunei Darussalam,BRN,2020,12005795915
Brunei Darussalam,BRN,2021,14006497000
Brunei Darussalam,BRN,2022,16681531646
Bulgaria,BGR,2017,59343060706
Bulgaria,BGR,2018,66399602077
Bulgaria,BGR,2019,68911930628
Bulgaria,BGR,2020,70404359049
Bulgaria,BGR,2021,84061395658
Bulgaria,BGR,2022,89040398406
Burkina Faso,BFA,2017,14106955625
Burkina Faso,BFA,2018,15890066210
Burkina Faso,BFA,2019,16178161666
Burkina Faso,BFA,2020,17933606213
Burkina Faso,BFA,2021,19737616003
Burkina Faso,BFA,2022,18884619613
Burundi,BDI,2017,2723586962
Burundi,BDI,2018,2667182199
Burundi,BDI,2019,2576518879
Burundi,BDI,2020,2649680261
Burundi,BDI,2021,2775798697
Burundi,BDI,2022,3073414678
Cabo Verde,CPV,2017,1996741545
Cabo Verde,CPV,2018,2205099509
Cabo Verde,CPV,2019,2266752197
Cabo Verde,CPV,2020,1878277311
Cabo Verde,CPV,2021,2091741774
Cabo Verde,CPV,2022,2314816792
Cambodia,KHM,2017,22177200589
Cambodia,KHM,2018,24571753582
Cambodia,KHM,2019,27089390033
Cambodia,KHM,2020,25872797892
Cambodia,KHM,2021,26961061152
Cambodia,KHM,2022,29956769529
Cameroon,CMR,2017,36098547059
Cameroon,CMR,2018,39973842059
Cameroon,CMR,2019,39670976440
Cameroon,CMR,2020,40773241212
Cameroon,CMR,2021,45338285386
Cameroon,CMR,2022,44341646509
Canada,CAN,2017,1.65E+12
Canada,CAN,2018,1.73E+12
Canada,CAN,2019,1.74E+12
Canada,CAN,2020,1.65E+12
Canada,CAN,2021,2E+12
Canada,CAN,2022,2.14E+12
Caribbean small states,CSS,2017,73482494257
Caribbean small states,CSS,2018,76247249561
Caribbean small states,CSS,2019,77282796216
Caribbean small states,CSS,2020,65994922945
Caribbean small states,CSS,2021,75672802627
Caribbean small states,CSS,2022,92935645973
Cayman Islands,CYM,2017,5166281293
Cayman Islands,CYM,2018,5530178499
Cayman Islands,CYM,2019,5941896600
Cayman Islands,CYM,2020,5647224973
Cayman Islands,CYM,2021,6028373541
Central African Republic,CAF,2017,2072349974
Central African Republic,CAF,2018,2220979145
Central African Republic,CAF,2019,2221301351
Central African Republic,CAF,2020,2326720902
Central African Republic,CAF,2021,2516498412
Central African Republic,CAF,2022,2382618615
Chad,TCD,2017,10000394388
Chad,TCD,2018,11239167890
Chad,TCD,2019,11314951088
Chad,TCD,2020,10715396051
Chad,TCD,2021,11779981332
Chad,TCD,2022,12704149842
Channel Islands,CHI,2017,9530244530
Channel Islands,CHI,2018,10422948632
Channel Islands,CHI,2019,10381669645
Channel Islands,CHI,2020,9811538462
Channel Islands,CHI,2021,11735662220
Chile,CHL,2017,2.76E+11
Chile,CHL,2018,2.95E+11
Chile,CHL,2019,2.78E+11
Chile,CHL,2020,2.54E+11
Chile,CHL,2021,3.17E+11
Chile,CHL,2022,3.01E+11
China,CHN,2017,1.23E+13
China,CHN,2018,1.39E+13
China,CHN,2019,1.43E+13
China,CHN,2020,1.47E+13
China,CHN,2021,1.78E+13
China,CHN,2022,1.8E+13
Colombia,COL,2017,3.12E+11
Colombia,COL,2018,3.34E+11
Colombia,COL,2019,3.23E+11
Colombia,COL,2020,2.7E+11
Colombia,COL,2021,3.19E+11
Colombia,COL,2022,3.44E+11
Comoros,COM,2017,1077439756
Comoros,COM,2018,1188797450
Comoros,COM,2019,1195019531
Comoros,COM,2020,1225039196
Comoros,COM,2021,1296089479
Comoros,COM,2022,1242519407
"Congo, Dem. Rep.",COD,2017,38019264805
"Congo, Dem. Rep.",COD,2018,47568210021
"Congo, Dem. Rep.",COD,2019,51775829869
"Congo, Dem. Rep.",COD,2020,48716961865
"Congo, Dem. Rep.",COD,2021,55350968593
"Congo, Dem. Rep.",COD,2022,58065953573
"Congo, Rep.",COG,2017,11094823677
"Congo, Rep.",COG,2018,13670038020
"Congo, Rep.",COG,2019,12750338736
"Congo, Rep.",COG,2020,10483151094
"Congo, Rep.",COG,2021,13366230821
"Congo, Rep.",COG,2022,14615532210
Costa Rica,CRI,2017,60516044623
Costa Rica,CRI,2018,62420164965
Costa Rica,CRI,2019,64417670556
Costa Rica,CRI,2020,62395610764
Costa Rica,CRI,2021,64616482168
Costa Rica,CRI,2022,68380838316
Cote d'Ivoire,CIV,2017,52512344034
Cote d'Ivoire,CIV,2018,58522477745
Cote d'Ivoire,CIV,2019,59898479821
Cote d'Ivoire,CIV,2020,62982768372
Cote d'Ivoire,CIV,2021,71811075955
Cote d'Ivoire,CIV,2022,70018715017
Croatia,HRV,2017,55937483558
Croatia,HRV,2018,61330483610
Croatia,HRV,2019,61329267533
Croatia,HRV,2020,57624938982
Croatia,HRV,2021,68843674641
Croatia,HRV,2022,70964606465
Cuba,CUB,2017,96851000000
Cuba,CUB,2018,1E+11
Cuba,CUB,2019,1.03E+11
Cuba,CUB,2020,1.07E+11
Curacao,CUW,2017,3009497207
Curacao,CUW,2018,3020388827
Curacao,CUW,2019,2995185475
Curacao,CUW,2020,2496174749
Curacao,CUW,2021,2699612458
Cyprus,CYP,2017,22946583376
Cyprus,CYP,2018,25597301191
Cyprus,CYP,2019,25945194240
Cyprus,CYP,2020,25008266159
Cyprus,CYP,2021,28408064462
Cyprus,CYP,2022,28439052741
Czechia,CZE,2017,2.19E+11
Czechia,CZE,2018,2.49E+11
Czechia,CZE,2019,2.53E+11
Czechia,CZE,2020,2.46E+11
Czechia,CZE,2021,2.82E+11
Czechia,CZE,2022,2.91E+11
Denmark,DNK,2017,3.32E+11
Denmark,DNK,2018,3.57E+11
Denmark,DNK,2019,3.46E+11
Denmark,DNK,2020,3.55E+11
Denmark,DNK,2021,3.98E+11
Denmark,DNK,2022,3.95E+11
Djibouti,DJI,2017,2762581334
Djibouti,DJI,2018,2913466732
Djibouti,DJI,2019,3088853639
Djibouti,DJI,2020,3181071154
Djibouti,DJI,2021,3372287462
Djibouti,DJI,2022,3515109075
Dominica,DMA,2017,521551851.9
Dominica,DMA,2018,554770370.4
Dominica,DMA,2019,611537037
Dominica,DMA,2020,504214814.8
Dominica,DMA,2021,555266666.7
Dominica,DMA,2022,612048148.1
Dominican Republic,DOM,2017,79998045976
Dominican Republic,DOM,2018,85555390386
Dominican Republic,DOM,2019,88941371980
Dominican Republic,DOM,2020,78844655833
Dominican Republic,DOM,2021,94243426487
Dominican Republic,DOM,2022,1.14E+11
Ecuador,ECU,2017,1.04E+11
Ecuador,ECU,2018,1.08E+11
Ecuador,ECU,2019,1.08E+11
Ecuador,ECU,2020,99291124000
Ecuador,ECU,2021,1.06E+11
Ecuador,ECU,2022,1.15E+11
"Egypt, Arab Rep.",EGY,2017,2.48E+11
"Egypt, Arab Rep.",EGY,2018,2.63E+11
"Egypt, Arab Rep.",EGY,2019,3.19E+11
"Egypt, Arab Rep.",EGY,2020,3.84E+11
"Egypt, Arab Rep.",EGY,2021,4.25E+11
"Egypt, Arab Rep.",EGY,2022,4.77E+11
El Salvador,SLV,2017,24979190000
El Salvador,SLV,2018,26020850000
El Salvador,SLV,2019,26881140000
El Salvador,SLV,2020,24930080000
El Salvador,SLV,2021,29451240000
El Salvador,SLV,2022,32488720000
Equatorial Guinea,GNQ,2017,12200913888
Equatorial Guinea,GNQ,2018,13097012124
Equatorial Guinea,GNQ,2019,11364133546
Equatorial Guinea,GNQ,2020,10099157996
Equatorial Guinea,GNQ,2021,12269393392
Equatorial Guinea,GNQ,2022,11813908448
Estonia,EST,2017,26924385103
Estonia,EST,2018,30624720196
Estonia,EST,2019,31081901909
Estonia,EST,2020,31370395573
Estonia,EST,2021,37191166152
Estonia,EST,2022,38100812959
Eswatini,SWZ,2017,4402969226
Eswatini,SWZ,2018,4666598024
Eswatini,SWZ,2019,4466214522
Eswatini,SWZ,2020,3982236726
Eswatini,SWZ,2021,4748702401
Eswatini,SWZ,2022,4854167638
Ethiopia,ETH,2017,81770886909
Ethiopia,ETH,2018,84269196152
Ethiopia,ETH,2019,95912607970
Ethiopia,ETH,2020,1.08E+11
Ethiopia,ETH,2021,1.11E+11
Ethiopia,ETH,2022,1.27E+11
Euro area,EMU,2017,1.27E+13
Euro area,EMU,2018,1.37E+13
Euro area,EMU,2019,1.34E+13
Euro area,EMU,2020,1.31E+13
Euro area,EMU,2021,1.46E+13
Euro area,EMU,2022,1.4E+13
Faroe Islands,FRO,2017,2980057168
Faroe Islands,FRO,2018,3188601035
Faroe Islands,FRO,2019,3275684065
Faroe Islands,FRO,2020,3248670978
Faroe Islands,FRO,2021,3649878680
Fiji,FJI,2017,5353468388
Fiji,FJI,2018,5581425891
Fiji,FJI,2019,5481692622
Fiji,FJI,2020,4477030180
Fiji,FJI,2021,4296235428
Fiji,FJI,2022,4943248200
Finland,FIN,2017,2.56E+11
Finland,FIN,2018,2.76E+11
Finland,FIN,2019,2.69E+11
Finland,FIN,2020,2.72E+11
Finland,FIN,2021,2.96E+11
Finland,FIN,2022,2.81E+11
France,FRA,2017,2.6E+12
France,FRA,2018,2.79E+12
France,FRA,2019,2.73E+12
France,FRA,2020,2.64E+12
France,FRA,2021,2.96E+12
France,FRA,2022,2.78E+12
French Polynesia,PYF,2017,5833352684
French Polynesia,PYF,2018,6135116261
French Polynesia,PYF,2019,6022276207
French Polynesia,PYF,2020,5731835679
French Polynesia,PYF,2021,6080359305
Gabon,GAB,2017,14929487496
Gabon,GAB,2018,16867326390
Gabon,GAB,2019,16874405460
Gabon,GAB,2020,15314577168
Gabon,GAB,2021,20217946921
Gabon,GAB,2022,21071739228
"Gambia, The",GMB,2017,1504909448
"Gambia, The",GMB,2018,1670671340
"Gambia, The",GMB,2019,1813609679
"Gambia, The",GMB,2020,1812170878
"Gambia, The",GMB,2021,2038414974
"Gambia, The",GMB,2022,2273060863
Georgia,GEO,2017,16242647230
Georgia,GEO,2018,17596922470
Georgia,GEO,2019,17470436259
Georgia,GEO,2020,15842922533
Georgia,GEO,2021,18629365612
Georgia,GEO,2022,24605375420
Germany,DEU,2017,3.69E+12
Germany,DEU,2018,3.97E+12
Germany,DEU,2019,3.89E+12
Germany,DEU,2020,3.89E+12
Germany,DEU,2021,4.26E+12
Germany,DEU,2022,4.07E+12
Ghana,GHA,2017,60405920071
Ghana,GHA,2018,67298913752
Ghana,GHA,2019,68337974419
Ghana,GHA,2020,70043095503
Ghana,GHA,2021,79156409410
Ghana,GHA,2022,72838798788
Greece,GRC,2017,2E+11
Greece,GRC,2018,2.12E+11
Greece,GRC,2019,2.05E+11
Greece,GRC,2020,1.89E+11
Greece,GRC,2021,2.15E+11
Greece,GRC,2022,2.19E+11
Greenland,GRL,2017,2851610656
Greenland,GRL,2018,3055791341
Greenland,GRL,2019,2997331094
Greenland,GRL,2020,3082909158
Greenland,GRL,2021,3235816195
Grenada,GRD,2017,1125685185
Grenada,GRD,2018,1166514815
Grenada,GRD,2019,1213485185
Grenada,GRD,2020,1043411111
Grenada,GRD,2021,1122800000
Grenada,GRD,2022,1256413185
Guam,GUM,2017,6013000000
Guam,GUM,2018,6056000000
Guam,GUM,2019,6366000000
Guam,GUM,2020,5886000000
Guam,GUM,2021,6123000000
Guatemala,GTM,2017,71653756504
Guatemala,GTM,2018,73328369926
Guatemala,GTM,2019,77172313916
Guatemala,GTM,2020,77715183063
Guatemala,GTM,2021,86053079767
Guatemala,GTM,2022,95003333381
Guinea,GIN,2017,10324668271
Guinea,GIN,2018,11857030366
Guinea,GIN,2019,13442861497
Guinea,GIN,2020,14177835841
Guinea,GIN,2021,16091817842
Guinea,GIN,2022,21227749389
Guinea-Bissau,GNB,2017,1350177012
Guinea-Bissau,GNB,2018,1504630234
Guinea-Bissau,GNB,2019,1439638411
Guinea-Bissau,GNB,2020,1431758232
Guinea-Bissau,GNB,2021,1638517607
Guinea-Bissau,GNB,2022,1633559092
Guyana,GUY,2017,4748174334
Guyana,GUY,2018,4787637006
Guyana,GUY,2019,5173760192
Guyana,GUY,2020,5471256595
Guyana,GUY,2021,8044498801
Guyana,GUY,2022,15357537068
Haiti,HTI,2017,15093357143
Haiti,HTI,2018,16403864521
Haiti,HTI,2019,15016090930
Haiti,HTI,2020,14508222518
Haiti,HTI,2021,20877414952
Haiti,HTI,2022,20253551885
Honduras,HND,2017,23136248046
Honduras,HND,2018,24067750466
Honduras,HND,2019,25089937109
Honduras,HND,2020,23827859695
Honduras,HND,2021,28488721296
Honduras,HND,2022,31717700115
"Hong Kong SAR, China",HKG,2017,3.41E+11
"Hong Kong SAR, China",HKG,2018,3.62E+11
"Hong Kong SAR, China",HKG,2019,3.63E+11
"Hong Kong SAR, China",HKG,2020,3.45E+11
"Hong Kong SAR, China",HKG,2021,3.69E+11
"Hong Kong SAR, China",HKG,2022,3.6E+11
Hungary,HUN,2017,1.43E+11
Hungary,HUN,2018,1.61E+11
Hungary,HUN,2019,1.64E+11
Hungary,HUN,2020,1.57E+11
Hungary,HUN,2021,1.82E+11
Hungary,HUN,2022,1.79E+11
Iceland,ISL,2017,24728285177
Iceland,ISL,2018,26260850582
Iceland,ISL,2019,24663643102
Iceland,ISL,2020,21553080484
Iceland,ISL,2021,25552639899
Iceland,ISL,2022,27841648044
IDA total,IDA,2017,2.29E+12
IDA total,IDA,2018,2.37E+12
IDA total,IDA,2019,2.46E+12
IDA total,IDA,2020,2.41E+12
IDA total,IDA,2021,2.63E+12
IDA total,IDA,2022,2.81E+12
India,IND,2017,2.65E+12
India,IND,2018,2.7E+12
India,IND,2019,2.84E+12
India,IND,2020,2.67E+12
India,IND,2021,3.15E+12
India,IND,2022,3.39E+12
Indonesia,IDN,2017,1.02E+12
Indonesia,IDN,2018,1.04E+12
Indonesia,IDN,2019,1.12E+12
Indonesia,IDN,2020,1.06E+12
Indonesia,IDN,2021,1.19E+12
Indonesia,IDN,2022,1.32E+12
"Iran, Islamic Rep.",IRN,2017,4.87E+11
"Iran, Islamic Rep.",IRN,2018,3.28E+11
"Iran, Islamic Rep.",IRN,2019,2.84E+11
"Iran, Islamic Rep.",IRN,2020,2.4E+11
"Iran, Islamic Rep.",IRN,2021,3.59E+11
"Iran, Islamic Rep.",IRN,2022,3.89E+11
Iraq,IRQ,2017,1.87E+11
Iraq,IRQ,2018,2.27E+11
Iraq,IRQ,2019,2.34E+11
Iraq,IRQ,2020,1.81E+11
Iraq,IRQ,2021,2.08E+11
Iraq,IRQ,2022,2.64E+11
Ireland,IRL,2017,3.36E+11
Ireland,IRL,2018,3.86E+11
Ireland,IRL,2019,3.99E+11
Ireland,IRL,2020,4.26E+11
Ireland,IRL,2021,5.04E+11
Ireland,IRL,2022,5.29E+11
Isle of Man,IMN,2017,6979791187
Isle of Man,IMN,2018,7491654051
Isle of Man,IMN,2019,7314966839
Isle of Man,IMN,2020,6684229269
Israel,ISR,2017,3.58E+11
Israel,ISR,2018,3.77E+11
Israel,ISR,2019,4.02E+11
Israel,ISR,2020,4.13E+11
Israel,ISR,2021,4.89E+11
Israel,ISR,2022,5.22E+11
Italy,ITA,2017,1.96E+12
Italy,ITA,2018,2.09E+12
Italy,ITA,2019,2.01E+12
Italy,ITA,2020,1.9E+12
Italy,ITA,2021,2.11E+12
Italy,ITA,2022,2.01E+12
Jamaica,JAM,2017,14808984881
Jamaica,JAM,2018,15730791526
Jamaica,JAM,2019,15830766372
Jamaica,JAM,2020,13812421859
Jamaica,JAM,2021,14657586359
Jamaica,JAM,2022,17097760745
Japan,JPN,2017,4.93E+12
Japan,JPN,2018,5.04E+12
Japan,JPN,2019,5.12E+12
Japan,JPN,2020,5.05E+12
Japan,JPN,2021,5.01E+12
Japan,JPN,2022,4.23E+12
Jordan,JOR,2017,41608435915
Jordan,JOR,2018,43370860704
Jordan,JOR,2019,44503005775
Jordan,JOR,2020,43579916197
Jordan,JOR,2021,45116317042
Jordan,JOR,2022,47451499859
Kazakhstan,KAZ,2017,1.67E+11
Kazakhstan,KAZ,2018,1.79E+11
Kazakhstan,KAZ,2019,1.82E+11
Kazakhstan,KAZ,2020,1.71E+11
Kazakhstan,KAZ,2021,1.97E+11
Kazakhstan,KAZ,2022,2.21E+11
Kenya,KEN,2017,82036511259
Kenya,KEN,2018,92202979941
Kenya,KEN,2019,1E+11
Kenya,KEN,2020,1.01E+11
Kenya,KEN,2021,1.1E+11
Kenya,KEN,2022,1.13E+11
Kiribati,KIR,2017,188540699.1
Kiribati,KIR,2018,196501504.2
Kiribati,KIR,2019,175181684.8
Kiribati,KIR,2020,177553260.1
Kiribati,KIR,2021,227610034.8
Kiribati,KIR,2022,223352943.2
"Korea, Rep.",KOR,2017,1.62E+12
"Korea, Rep.",KOR,2018,1.72E+12
"Korea, Rep.",KOR,2019,1.65E+12
"Korea, Rep.",KOR,2020,1.64E+12
"Korea, Rep.",KOR,2021,1.81E+12
"Korea, Rep.",KOR,2022,1.67E+12
Kosovo,XKX,2017,7180768692
Kosovo,XKX,2018,7878762812
Kosovo,XKX,2019,7899741279
Kosovo,XKX,2020,7717143395
Kosovo,XKX,2021,9412034299
Kosovo,XKX,2022,9429156202
Kuwait,KWT,2017,1.21E+11
Kuwait,KWT,2018,1.38E+11
Kuwait,KWT,2019,1.36E+11
Kuwait,KWT,2020,1.06E+11
Kuwait,KWT,2021,1.37E+11
Kuwait,KWT,2022,1.85E+11
Kyrgyz Republic,KGZ,2017,7702938395
Kyrgyz Republic,KGZ,2018,8271106196
Kyrgyz Republic,KGZ,2019,8871019823
Kyrgyz Republic,KGZ,2020,7780873259
Kyrgyz Republic,KGZ,2021,8740681889
Kyrgyz Republic,KGZ,2022,10930644915
Lao PDR,LAO,2017,17071162084
Lao PDR,LAO,2018,18141651381
Lao PDR,LAO,2019,18740559554
Lao PDR,LAO,2020,18981800705
Lao PDR,LAO,2021,18827148530
Lao PDR,LAO,2022,15724383783
Latin America & Caribbean,LCN,2017,5.83E+12
Latin America & Caribbean,LCN,2018,5.71E+12
Latin America & Caribbean,LCN,2019,5.62E+12
Latin America & Caribbean,LCN,2020,4.78E+12
Latin America & Caribbean,LCN,2021,5.51E+12
Latin America & Caribbean,LCN,2022,6.25E+12
Latvia,LVA,2017,30483806018
Latvia,LVA,2018,34429023435
Latvia,LVA,2019,34343961073
Latvia,LVA,2020,34601740323
Latvia,LVA,2021,39725383601
Latvia,LVA,2022,41153912663
Lebanon,LBN,2017,53027680686
Lebanon,LBN,2018,54901519156
Lebanon,LBN,2019,51605959131
Lebanon,LBN,2020,31712128254
Lebanon,LBN,2021,23131941557
Lesotho,LSO,2017,2306741599
Lesotho,LSO,2018,2556247156
Lesotho,LSO,2019,2436029588
Lesotho,LSO,2020,2117736528
Lesotho,LSO,2021,2373416269
Lesotho,LSO,2022,2553459763
Liberia,LBR,2017,3390703400
Liberia,LBR,2018,3422754800
Liberia,LBR,2019,3319596500
Liberia,LBR,2020,3039982500
Liberia,LBR,2021,3509000000
Liberia,LBR,2022,4001047150
Libya,LBY,2017,67157451660
Libya,LBY,2018,76686048499
Libya,LBY,2019,69254143968
Libya,LBY,2020,46808208747
Libya,LBY,2021,39798423941
Libya,LBY,2022,45752336036
Liechtenstein,LIE,2017,6474310910
Liechtenstein,LIE,2018,6692618411
Liechtenstein,LIE,2019,6436467007
Liechtenstein,LIE,2020,6405765970
Liechtenstein,LIE,2021,7186428783
Lithuania,LTU,2017,47758736932
Lithuania,LTU,2018,53751411409
Lithuania,LTU,2019,54760617013
Lithuania,LTU,2020,56914826861
Lithuania,LTU,2021,66414994992
Lithuania,LTU,2022,70334299008
Luxembourg,LUX,2017,65712180343
Luxembourg,LUX,2018,71000359760
Luxembourg,LUX,2019,69825641851
Luxembourg,LUX,2020,73992591285
Luxembourg,LUX,2021,85506243834
Luxembourg,LUX,2022,82274812251
"Macao SAR, China",MAC,2017,50440935654
"Macao SAR, China",MAC,2018,55284309690
"Macao SAR, China",MAC,2019,55204961000
"Macao SAR, China",MAC,2020,25459685020
"Macao SAR, China",MAC,2021,30123795337
"Macao SAR, China",MAC,2022,21979475561
Madagascar,MDG,2017,13176313594
Madagascar,MDG,2018,13760033283
Madagascar,MDG,2019,14104664678
Madagascar,MDG,2020,13051441203
Madagascar,MDG,2021,14554754115
Madagascar,MDG,2022,14954967604
Malawi,MWI,2017,8943543677
Malawi,MWI,2018,9880675786
Malawi,MWI,2019,11025371147
Malawi,MWI,2020,12056108780
Malawi,MWI,2021,12602334124
Malawi,MWI,2022,13164667627
Malaysia,MYS,2017,3.19E+11
Malaysia,MYS,2018,3.59E+11
Malaysia,MYS,2019,3.65E+11
Malaysia,MYS,2020,3.37E+11
Malaysia,MYS,2021,3.73E+11
Malaysia,MYS,2022,4.06E+11
Maldives,MDV,2017,4754185599
Maldives,MDV,2018,5300949823
Maldives,MDV,2019,5609385434
Maldives,MDV,2020,3746329358
Maldives,MDV,2021,5405557162
Maldives,MDV,2022,6189865408
Mali,MLI,2017,15365713059
Mali,MLI,2018,17070867578
Mali,MLI,2019,17280250805
Mali,MLI,2020,17465392779
Mali,MLI,2021,19309463506
Mali,MLI,2022,18827176532
Malta,MLT,2017,13489296992
Malta,MLT,2018,15298004130
Malta,MLT,2019,15881258056
Malta,MLT,2020,15046136935
Malta,MLT,2021,17743376199
Malta,MLT,2022,17765270015
Marshall Islands,MHL,2017,212701200
Marshall Islands,MHL,2018,219330300
Marshall Islands,MHL,2019,232092300
Marshall Islands,MHL,2020,241722400
Marshall Islands,MHL,2021,259538700
Marshall Islands,MHL,2022,279667900
Mauritania,MRT,2017,6800138755
Mauritania,MRT,2018,7473550557
Mauritania,MRT,2019,8066118984
Mauritania,MRT,2020,8405498736
Mauritania,MRT,2021,9996240419
Mauritania,MRT,2022,10375460680
Mauritius,MUS,2017,13713505998
Mauritius,MUS,2018,14735695931
Mauritius,MUS,2019,14436347115
Mauritius,MUS,2020,11401040996
Mauritius,MUS,2021,11476433604
Mauritius,MUS,2022,12898307089
Mexico,MEX,2017,1.16E+12
Mexico,MEX,2018,1.22E+12
Mexico,MEX,2019,1.27E+12
Mexico,MEX,2020,1.09E+12
Mexico,MEX,2021,1.27E+12
Mexico,MEX,2022,1.41E+12
"Micronesia, Fed. Sts.",FSM,2017,366666800
"Micronesia, Fed. Sts.",FSM,2018,401932300
"Micronesia, Fed. Sts.",FSM,2019,412000000
"Micronesia, Fed. Sts.",FSM,2020,408000000
"Micronesia, Fed. Sts.",FSM,2021,404028900
"Micronesia, Fed. Sts.",FSM,2022,427094119.1
Moldova,MDA,2017,9519053158
Moldova,MDA,2018,11253727815
Moldova,MDA,2019,11735774634
Moldova,MDA,2020,11531967881
Moldova,MDA,2021,13692230147
Moldova,MDA,2022,14420947884
Monaco,MCO,2017,6431274938
Monaco,MCO,2018,7194256778
Monaco,MCO,2019,7383941919
Monaco,MCO,2020,6739642360
Monaco,MCO,2021,8596156574
Mongolia,MNG,2017,11480847740
Mongolia,MNG,2018,13178094720
Mongolia,MNG,2019,14206359016
Mongolia,MNG,2020,13312981427
Mongolia,MNG,2021,15286441740
Mongolia,MNG,2022,16810883361
Montenegro,MNE,2017,4856602179
Montenegro,MNE,2018,5506944403
Montenegro,MNE,2019,5542053845
Montenegro,MNE,2020,4769995512
Montenegro,MNE,2021,5861430526
Montenegro,MNE,2022,6095978868
Morocco,MAR,2017,1.19E+11
Morocco,MAR,2018,1.27E+11
Morocco,MAR,2019,1.29E+11
Morocco,MAR,2020,1.21E+11
Morocco,MAR,2021,1.43E+11
Morocco,MAR,2022,1.34E+11
Mozambique,MOZ,2017,13219079498
Mozambique,MOZ,2018,14845400593
Mozambique,MOZ,2019,15390031040
Mozambique,MOZ,2020,14156864916
Mozambique,MOZ,2021,15776757420
Mozambique,MOZ,2022,17851491428
Myanmar,MMR,2017,61449391917
Myanmar,MMR,2018,67144726168
Myanmar,MMR,2019,68697761477
Myanmar,MMR,2020,78930259069
Myanmar,MMR,2021,65124769602
Myanmar,MMR,2022,59364362541
Namibia,NAM,2017,12895153160
Namibia,NAM,2018,13682019172
Namibia,NAM,2019,12541928103
Namibia,NAM,2020,10583748757
Namibia,NAM,2021,12446290855
Namibia,NAM,2022,12607436976
Nauru,NRU,2017,109355653.7
Nauru,NRU,2018,130995580.1
Nauru,NRU,2019,125160081.8
Nauru,NRU,2020,124685686.6
Nauru,NRU,2021,145536603.2
Nauru,NRU,2022,150922211
Nepal,NPL,2017,28971588881
Nepal,NPL,2018,33111525183
Nepal,NPL,2019,34186180695
Nepal,NPL,2020,33433659223
Nepal,NPL,2021,36924841430
Nepal,NPL,2022,40828247302
Netherlands,NLD,2017,8.34E+11
Netherlands,NLD,2018,9.14E+11
Netherlands,NLD,2019,9.1E+11
Netherlands,NLD,2020,9.1E+11
Netherlands,NLD,2021,1.01E+12
Netherlands,NLD,2022,9.91E+11
New Caledonia,NCL,2017,9173670000
New Caledonia,NCL,2018,9896402295
New Caledonia,NCL,2019,9475655342
New Caledonia,NCL,2020,9454629451
New Caledonia,NCL,2021,10071349707
New Zealand,NZL,2017,2.07E+11
New Zealand,NZL,2018,2.12E+11
New Zealand,NZL,2019,2.13E+11
New Zealand,NZL,2020,2.13E+11
New Zealand,NZL,2021,2.56E+11
New Zealand,NZL,2022,2.47E+11
Nicaragua,NIC,2017,13785890939
Nicaragua,NIC,2018,13025266513
Nicaragua,NIC,2019,12699028890
Nicaragua,NIC,2020,12678162359
Nicaragua,NIC,2021,14145852101
Nicaragua,NIC,2022,15671583878
Niger,NER,2017,11185101444
Niger,NER,2018,12808661487
Niger,NER,2019,12916454871
Niger,NER,2020,13744174582
Niger,NER,2021,14915002098
Niger,NER,2022,13969605583
Nigeria,NGA,2017,3.76E+11
Nigeria,NGA,2018,4.22E+11
Nigeria,NGA,2019,4.75E+11
Nigeria,NGA,2020,4.32E+11
Nigeria,NGA,2021,4.41E+11
Nigeria,NGA,2022,4.77E+11
Norway,NOR,2017,4.02E+11
Norway,NOR,2018,4.4E+11
Norway,NOR,2019,4.09E+11
Norway,NOR,2020,3.68E+11
Norway,NOR,2021,4.9E+11
Norway,NOR,2022,5.79E+11
Oman,OMN,2017,80856697009
Oman,OMN,2018,91505851756
Oman,OMN,2019,88060858257
Oman,OMN,2020,75909397659
Oman,OMN,2021,88191977373
Oman,OMN,2022,1.15E+11
Pakistan,PAK,2017,3.39E+11
Pakistan,PAK,2018,3.56E+11
Pakistan,PAK,2019,3.21E+11
Pakistan,PAK,2020,3E+11
Pakistan,PAK,2021,3.48E+11
Pakistan,PAK,2022,3.77E+11
Palau,PLW,2017,285600000
Palau,PLW,2018,284900000
Palau,PLW,2019,278900000
Palau,PLW,2020,251900000
Palau,PLW,2021,217800000
Panama,PAN,2017,62202700000
Panama,PAN,2018,67294169235
Panama,PAN,2019,69721787533
Panama,PAN,2020,57086836942
Panama,PAN,2021,67406738052
Panama,PAN,2022,76522511781
Papua New Guinea,PNG,2017,22742696408
Papua New Guinea,PNG,2018,24109780113
Papua New Guinea,PNG,2019,24751069238
Papua New Guinea,PNG,2020,23848442440
Papua New Guinea,PNG,2021,26311656000
Papua New Guinea,PNG,2022,30633444295
Paraguay,PRY,2017,38997129809
Paraguay,PRY,2018,40225448651
Paraguay,PRY,2019,37925338460
Paraguay,PRY,2020,35432177936
Paraguay,PRY,2021,39950899733
Paraguay,PRY,2022,41722295362
Peru,PER,2017,2.11E+11
Peru,PER,2018,2.23E+11
Peru,PER,2019,2.28E+11
Peru,PER,2020,2.02E+11
Peru,PER,2021,2.24E+11
Peru,PER,2022,2.43E+11
Philippines,PHL,2017,3.28E+11
Philippines,PHL,2018,3.47E+11
Philippines,PHL,2019,3.77E+11
Philippines,PHL,2020,3.62E+11
Philippines,PHL,2021,3.94E+11
Philippines,PHL,2022,4.04E+11
Poland,POL,2017,5.25E+11
Poland,POL,2018,5.89E+11
Poland,POL,2019,5.96E+11
Poland,POL,2020,5.99E+11
Poland,POL,2021,6.79E+11
Poland,POL,2022,6.88E+11
Portugal,PRT,2017,2.21E+11
Portugal,PRT,2018,2.42E+11
Portugal,PRT,2019,2.4E+11
Portugal,PRT,2020,2.29E+11
Portugal,PRT,2021,2.54E+11
Portugal,PRT,2022,2.52E+11
Puerto Rico,PRI,2017,1.03E+11
Puerto Rico,PRI,2018,1.01E+11
Puerto Rico,PRI,2019,1.05E+11
Puerto Rico,PRI,2020,1.03E+11
Puerto Rico,PRI,2021,1.06E+11
Puerto Rico,PRI,2022,1.13E+11
Qatar,QAT,2017,1.61E+11
Qatar,QAT,2018,1.83E+11
Qatar,QAT,2019,1.76E+11
Qatar,QAT,2020,1.44E+11
Qatar,QAT,2021,1.8E+11
Qatar,QAT,2022,2.37E+11
Romania,ROU,2017,2.1E+11
Romania,ROU,2018,2.43E+11
Romania,ROU,2019,2.51E+11
Romania,ROU,2020,2.51E+11
Romania,ROU,2021,2.85E+11
Romania,ROU,2022,3.01E+11
Russian Federation,RUS,2017,1.57E+12
Russian Federation,RUS,2018,1.66E+12
Russian Federation,RUS,2019,1.69E+12
Russian Federation,RUS,2020,1.49E+12
Russian Federation,RUS,2021,1.84E+12
Russian Federation,RUS,2022,2.24E+12
Rwanda,RWA,2017,9252833678
Rwanda,RWA,2018,9636510839
Rwanda,RWA,2019,10346675636
Rwanda,RWA,2020,10172925172
Rwanda,RWA,2021,11055281971
Rwanda,RWA,2022,13312796765
Samoa,WSM,2017,884844419.8
Samoa,WSM,2018,878448439.5
Samoa,WSM,2019,912950619.4
Samoa,WSM,2020,868898350.4
Samoa,WSM,2021,843850777.8
Samoa,WSM,2022,832421565.4
San Marino,SMR,2017,1528621195
San Marino,SMR,2018,1655354304
San Marino,SMR,2019,1616188702
San Marino,SMR,2020,1541247884
San Marino,SMR,2021,1855382833
Sao Tome and Principe,STP,2017,375614126.2
Sao Tome and Principe,STP,2018,412253809.7
Sao Tome and Principe,STP,2019,427425039.7
Sao Tome and Principe,STP,2020,472551023.6
Sao Tome and Principe,STP,2021,526653790.7
Sao Tome and Principe,STP,2022,546680341.6
Saudi Arabia,SAU,2017,7.15E+11
Saudi Arabia,SAU,2018,8.47E+11
Saudi Arabia,SAU,2019,8.39E+11
Saudi Arabia,SAU,2020,7.34E+11
Saudi Arabia,SAU,2021,8.69E+11
Saudi Arabia,SAU,2022,1.11E+12
Senegal,SEN,2017,20996562959
Senegal,SEN,2018,23116701540
Senegal,SEN,2019,23403995985
Senegal,SEN,2020,24530513059
Senegal,SEN,2021,27569136728
Senegal,SEN,2022,27684430244
Serbia,SRB,2017,44179075779
Serbia,SRB,2018,50640662859
Serbia,SRB,2019,51514242776
Serbia,SRB,2020,53356484764
Serbia,SRB,2021,63082021206
Serbia,SRB,2022,63501748652
Seychelles,SYC,2017,1529773286
Seychelles,SYC,2018,1587813245
Seychelles,SYC,2019,1645090567
Seychelles,SYC,2020,1183515398
Seychelles,SYC,2021,1286687873
Seychelles,SYC,2022,1588406479
Sierra Leone,SLE,2017,3719443318
Sierra Leone,SLE,2018,4085114542
Sierra Leone,SLE,2019,4076578654
Sierra Leone,SLE,2020,4062906364
Sierra Leone,SLE,2021,4249234574
Sierra Leone,SLE,2022,3970343852
Singapore,SGP,2017,3.43E+11
Singapore,SGP,2018,3.77E+11
Singapore,SGP,2019,3.77E+11
Singapore,SGP,2020,3.48E+11
Singapore,SGP,2021,4.24E+11
Singapore,SGP,2022,4.67E+11
Sint Maarten (Dutch part),SXM,2017,1191620112
Sint Maarten (Dutch part),SXM,2018,1185474860
Sint Maarten (Dutch part),SXM,2019,1459776536
Sint Maarten (Dutch part),SXM,2020,1240279330
Sint Maarten (Dutch part),SXM,2021,1384636872
Sint Maarten (Dutch part),SXM,2022,1571564246
Slovak Republic,SVK,2017,95649966261
Slovak Republic,SVK,2018,1.06E+11
Slovak Republic,SVK,2019,1.06E+11
Slovak Republic,SVK,2020,1.07E+11
Slovak Republic,SVK,2021,1.19E+11
Slovak Republic,SVK,2022,1.15E+11
Slovenia,SVN,2017,48589100043
Slovenia,SVN,2018,54177882426
Slovenia,SVN,2019,54331588482
Slovenia,SVN,2020,53706800044
Slovenia,SVN,2021,61748586535
Slovenia,SVN,2022,62117768015
Solomon Islands,SLB,2017,1469789050
Solomon Islands,SLB,2018,1615478421
Solomon Islands,SLB,2019,1619154958
Solomon Islands,SLB,2020,1536145831
Solomon Islands,SLB,2021,1580303517
Solomon Islands,SLB,2022,1595710784
Somalia,SOM,2017,5609000000
Somalia,SOM,2018,5856000006
Somalia,SOM,2019,6485000000
Somalia,SOM,2020,6883000000
Somalia,SOM,2021,7628000011
Somalia,SOM,2022,8126105600
South Africa,ZAF,2017,3.81E+11
South Africa,ZAF,2018,4.04E+11
South Africa,ZAF,2019,3.89E+11
South Africa,ZAF,2020,3.38E+11
South Africa,ZAF,2021,4.19E+11
South Africa,ZAF,2022,4.06E+11
South Asia,SAS,2017,3.43E+12
South Asia,SAS,2018,3.53E+12
South Asia,SAS,2019,3.66E+12
South Asia,SAS,2020,3.49E+12
South Asia,SAS,2021,4.06E+12
South Asia,SAS,2022,4.36E+12
Spain,ESP,2017,1.31E+12
Spain,ESP,2018,1.42E+12
Spain,ESP,2019,1.39E+12
Spain,ESP,2020,1.28E+12
Spain,ESP,2021,1.43E+12
Spain,ESP,2022,1.4E+12
Sri Lanka,LKA,2017,94376237832
Sri Lanka,LKA,2018,94493871351
Sri Lanka,LKA,2019,89014978319
Sri Lanka,LKA,2020,84440535699
Sri Lanka,LKA,2021,88496535599
Sri Lanka,LKA,2022,74403578363
St. Kitts and Nevis,KNA,2017,1058944444
St. Kitts and Nevis,KNA,2018,1076922222
St. Kitts and Nevis,KNA,2019,1107844444
St. Kitts and Nevis,KNA,2020,884522222.2
St. Kitts and Nevis,KNA,2021,860844444.4
St. Kitts and Nevis,KNA,2022,961563259.3
St. Lucia,LCA,2017,1996703704
St. Lucia,LCA,2018,2057074074
St. Lucia,LCA,2019,2094185185
St. Lucia,LCA,2020,1516000000
St. Lucia,LCA,2021,1691259259
St. Lucia,LCA,2022,2065027556
St. Vincent and the Grenadines,VCT,2017,844039068.8
St. Vincent and the Grenadines,VCT,2018,884328180.5
St. Vincent and the Grenadines,VCT,2019,910765709.8
St. Vincent and the Grenadines,VCT,2020,869111852.8
St. Vincent and the Grenadines,VCT,2021,872226063.7
St. Vincent and the Grenadines,VCT,2022,948558503.1
Sudan,SDN,2017,1.3E+11
Sudan,SDN,2018,32333780383
Sudan,SDN,2019,32338079165
Sudan,SDN,2020,27034593750
Sudan,SDN,2021,34229513775
Sudan,SDN,2022,51662241775
Suriname,SUR,2017,3591679371
Suriname,SUR,2018,3996198760
Suriname,SUR,2019,4016040575
Suriname,SUR,2020,2911807496
Suriname,SUR,2021,2984706244
Suriname,SUR,2022,3620655116
Sweden,SWE,2017,5.41E+11
Sweden,SWE,2018,5.55E+11
Sweden,SWE,2019,5.34E+11
Sweden,SWE,2020,5.47E+11
Sweden,SWE,2021,6.37E+11
Sweden,SWE,2022,5.86E+11
Switzerland,CHE,2017,6.95E+11
Switzerland,CHE,2018,7.26E+11
Switzerland,CHE,2019,7.21E+11
Switzerland,CHE,2020,7.4E+11
Switzerland,CHE,2021,8.01E+11
Switzerland,CHE,2022,8.08E+11
Syrian Arab Republic,SYR,2017,16369724433
Syrian Arab Republic,SYR,2018,21496337968
Syrian Arab Republic,SYR,2019,22600896352
Syrian Arab Republic,SYR,2020,11159274040
Tajikistan,TJK,2017,7536403147
Tajikistan,TJK,2018,7765000282
Tajikistan,TJK,2019,8300813890
Tajikistan,TJK,2020,8133963813
Tajikistan,TJK,2021,8937805347
Tajikistan,TJK,2022,10492123388
Tanzania,TZA,2017,53275968095
Tanzania,TZA,2018,57003686049
Tanzania,TZA,2019,61026765850
Tanzania,TZA,2020,66068737757
Tanzania,TZA,2021,70655628141
Tanzania,TZA,2022,75709289056
Thailand,THA,2017,4.56E+11
Thailand,THA,2018,5.07E+11
Thailand,THA,2019,5.44E+11
Thailand,THA,2020,5E+11
Thailand,THA,2021,5.06E+11
Thailand,THA,2022,4.95E+11
Timor-Leste,TLS,2017,1595724300
Timor-Leste,TLS,2018,1563887900
Timor-Leste,TLS,2019,2028551600
Timor-Leste,TLS,2020,2158392500
Timor-Leste,TLS,2021,3621222400
Timor-Leste,TLS,2022,3163324631
Togo,TGO,2017,6395472028
Togo,TGO,2018,7029217932
Togo,TGO,2019,6992656429
Togo,TGO,2020,7389329393
Togo,TGO,2021,8334047486
Togo,TGO,2022,8126439481
Tonga,TON,2017,460374252.2
Tonga,TON,2018,488906860.9
Tonga,TON,2019,512053639.8
Tonga,TON,2020,484796858.8
Tonga,TON,2021,469228124.2
Trinidad and Tobago,TTO,2017,23797686962
Trinidad and Tobago,TTO,2018,24322359037
Trinidad and Tobago,TTO,2019,23849557811
Trinidad and Tobago,TTO,2020,21059428846
Trinidad and Tobago,TTO,2021,24460196270
Trinidad and Tobago,TTO,2022,27899082337
Tunisia,TUN,2017,42163530591
Tunisia,TUN,2018,42686509836
Tunisia,TUN,2019,41905637659
Tunisia,TUN,2020,42538462678
Tunisia,TUN,2021,46687298709
Tunisia,TUN,2022,46664948952
Turkiye,TUR,2017,8.59E+11
Turkiye,TUR,2018,7.78E+11
Turkiye,TUR,2019,7.6E+11
Turkiye,TUR,2020,7.2E+11
Turkiye,TUR,2021,8.19E+11
Turkiye,TUR,2022,9.06E+11
Turkmenistan,TKM,2017,37926285714
Turkmenistan,TKM,2018,40765428571
Turkmenistan,TKM,2019,44220285714
Turkmenistan,TKM,2020,45610571429
Turks and Caicos Islands,TCA,2017,1022365000
Turks and Caicos Islands,TCA,2018,1113178000
Turks and Caicos Islands,TCA,2019,1197415000
Turks and Caicos Islands,TCA,2020,924583000
Turks and Caicos Islands,TCA,2021,1044778790
Turks and Caicos Islands,TCA,2022,1138808881
Tuvalu,TUV,2017,45276606
Tuvalu,TUV,2018,48015219.95
Tuvalu,TUV,2019,54123195.27
Tuvalu,TUV,2020,51746568.7
Tuvalu,TUV,2021,60196366.81
Tuvalu,TUV,2022,60349391.1
Uganda,UGA,2017,30744473840
Uganda,UGA,2018,32927025621
Uganda,UGA,2019,35348155092
Uganda,UGA,2020,37605430214
Uganda,UGA,2021,40510241366
Uganda,UGA,2022,45559202049
Ukraine,UKR,2017,1.12E+11
Ukraine,UKR,2018,1.31E+11
Ukraine,UKR,2019,1.54E+11
Ukraine,UKR,2020,1.57E+11
Ukraine,UKR,2021,2E+11
Ukraine,UKR,2022,1.61E+11
United Arab Emirates,ARE,2017,3.91E+11
United Arab Emirates,ARE,2018,4.27E+11
United Arab Emirates,ARE,2019,4.18E+11
United Arab Emirates,ARE,2020,3.49E+11
United Arab Emirates,ARE,2021,4.15E+11
United Arab Emirates,ARE,2022,5.08E+11
United Kingdom,GBR,2017,2.68E+12
United Kingdom,GBR,2018,2.88E+12
United Kingdom,GBR,2019,2.86E+12
United Kingdom,GBR,2020,2.7E+12
United Kingdom,GBR,2021,3.12E+12
United Kingdom,GBR,2022,3.07E+12
United States,USA,2017,1.95E+13
United States,USA,2018,2.05E+13
United States,USA,2019,2.14E+13
United States,USA,2020,2.11E+13
United States,USA,2021,2.33E+13
United States,USA,2022,2.55E+13
Uruguay,URY,2017,65006047680
Uruguay,URY,2018,65203071111
Uruguay,URY,2019,62048585619
Uruguay,URY,2020,53666908480
Uruguay,URY,2021,61412268249
Uruguay,URY,2022,71177146197
Uzbekistan,UZB,2017,62081322741
Uzbekistan,UZB,2018,52870108218
Uzbekistan,UZB,2019,60283503705
Uzbekistan,UZB,2020,60224701296
Uzbekistan,UZB,2021,69600614989
Uzbekistan,UZB,2022,80391853885
Vanuatu,VUT,2017,880061831
Vanuatu,VUT,2018,914736985.4
Vanuatu,VUT,2019,936526267.6
Vanuatu,VUT,2020,909421043.5
Vanuatu,VUT,2021,971636097.9
Vanuatu,VUT,2022,983582864.6
Vietnam,VNM,2017,2.81E+11
Vietnam,VNM,2018,3.1E+11
Vietnam,VNM,2019,3.34E+11
Vietnam,VNM,2020,3.47E+11
Vietnam,VNM,2021,3.66E+11
Vietnam,VNM,2022,4.09E+11
West Bank and Gaza,PSE,2017,16128000000
West Bank and Gaza,PSE,2018,16276600000
West Bank and Gaza,PSE,2019,17133500000
West Bank and Gaza,PSE,2020,15531700000
West Bank and Gaza,PSE,2021,18109000000
West Bank and Gaza,PSE,2022,19111900000
"Yemen, Rep.",YEM,2017,26842231205
"Yemen, Rep.",YEM,2018,21606161066
Zambia,ZMB,2017,25873601261
Zambia,ZMB,2018,26311506435
Zambia,ZMB,2019,23308667781
Zambia,ZMB,2020,18110638619
Zambia,ZMB,2021,22147649569
Zambia,ZMB,2022,29784454056
Zimbabwe,ZWE,2017,17584890937
Zimbabwe,ZWE,2018,34156069918
Zimbabwe,ZWE,2019,21832234926
Zimbabwe,ZWE,2020,21509698406
Zimbabwe,ZWE,2021,28371238666
Zimbabwe,ZWE,2022,20678055598
